id,vertex1,vertex2,mean_break_length_nucleotide,parallel_rear_score,parallel_rear_unique_innovation_count,parallel_rear_all_innovations_count,parallel_breakpoint_score,parallel_breakpoint_count
1,73t,9t,31825,0.5139719178400601,2,12,1.0212069172523475,12
2,72h,8h,27713,0.5139719178400601,2,12,1.0212069172523475,12
3,75h,76t,11127,0.00014485075508392388,1,3,0.00014485075508392388,3
4,6h,7t,17593,0.00014485075508392388,1,3,0.00014485075508392388,3
5,23h,24t,19253,0,0,0,0.021690296392025278,2
